{"cameraMode":{"drawMode":0,"name":"Shaded","section":"Shading Mode"},"sceneLighting":true,"audioPlay":false,"sceneViewState":{"showFog":true,"showMaterialUpdate":false,"showSkybox":true,"showFlares":true,"showImageEffects":true,"showParticleSystems":true},"in2DMode":false,"pivot":{"x":3.2810678482055666,"y":3.2931101322174074,"z":-0.9872763752937317},"rotation":{"x":-0.17670388519763947,"y":0.5833574533462524,"z":-0.13186541199684144,"w":-0.7817175388336182},"size":3.235520124435425,"orthographic":false}